TBM,,,32.502,TAG RT FT JN19027
TR2,5506.579,5000.000,32.502,156 TAG TC END CULDESAC
TR1,5000.000,5000.000,38.453,156 MAG LT FT
TR3,5004.796,4888.321,40.500,156 H&T RR TOP SLOPE
10000,4972.359,4996.441,38.686,TC.1
10001,4972.320,4996.505,38.636,2.106
10002,4972.391,5000.301,38.803,2.101
10003,4979.108,5000.280,38.697,2.101
10004,4974.985,4996.508,38.584,2.106
10005,4975.031,4996.460,38.623,TC.1
10006,4979.121,4996.290,38.977,TC.1
10007,4979.159,4996.711,38.256,2.106
10008,4979.645,4996.386,38.127,2.106E
10009,4984.368,4996.297,38.983,TC.1
10010,4987.090,4996.303,38.973,TC.1
10011,4988.889,4996.343,38.944,TC.1
10012,4984.615,5000.240,38.630,2.101
10013,4987.106,5000.234,38.617,2.101
10014,4989.000,4998.388,38.572,2.101
10015,4986.659,4996.352,38.091,2.106
10016,4987.189,4996.633,38.213,2.106
10017,4988.995,4996.487,38.446,2.106
10018,4984.913,4993.700,39.001,1502
10019,4984.887,4993.669,39.001,1601
10020,4989.500,4993.905,39.033,166
10021,4982.808,4989.705,38.965,1630
10022,4982.796,4983.908,38.263,165
10023,4983.327,4980.536,39.855,1622
10024,4983.500,4979.847,39.706,1620
10025,4978.145,4986.560,38.670,1620
10026,4977.531,4990.484,35.797,162
10027,4996.754,4996.934,38.677,TC.1
10028,4996.790,4997.040,38.351,2.106
10029,4996.754,4998.387,38.447,2.101
10030,5004.212,4998.652,38.319,2.101
10031,5004.262,4997.694,38.267,2.106
10032,5004.222,4997.549,38.349,TC.1E
10033,4996.811,4995.706,38.823,TC.1
10034,5004.235,4995.671,38.724,TC.1
10035,5025.368,4995.459,38.480,TC.1
10036,5025.364,4997.390,38.004,2.106
10037,5025.307,4998.421,38.060,2.101
10038,5041.429,4998.236,37.895,2.101
10039,5041.588,4997.261,37.830,2.106
10040,5041.656,4995.203,38.302,TC.1
10041,5054.405,4995.165,38.114,TC.1
10042,5054.392,4996.991,37.655,2.106
10043,5054.343,4998.068,37.720,2.101
10044,5068.178,4998.015,37.590,2.101E
10045,5068.230,4996.961,37.529,2.106E
10046,5068.276,4994.925,37.964,TC.1E
10047,5057.531,4996.940,37.707,2.101
10048,5057.115,4996.930,37.704,2.101
10049,5057.125,4995.441,38.069,2.101
10050,5057.431,4995.264,38.062,2.101CC
10051,5056.019,4995.342,38.077,2.101
10052,5055.553,4995.330,38.083,2.101
10053,5055.504,4996.934,37.716,2.101
10054,5055.987,4996.982,37.718,2.101CC
10055,5055.289,4993.268,38.209,2.101
10056,5055.323,4992.390,38.275,2.101
10057,5056.321,4992.417,38.264,2.101
10058,5056.307,4993.277,38.202,2.101CC
10059,5056.803,4991.840,38.292,2.101
10060,5055.032,4991.831,38.293,2.101
10061,5054.755,4993.730,38.179,2.101
10062,5056.803,4993.772,38.177,2.101CC
10063,5055.865,4992.919,38.237,TG
10064,5055.937,4996.215,37.870,TG
10065,5057.355,4996.132,37.854,TG
10066,5058.883,4993.239,38.197,166
10067,5068.490,5009.483,37.762,1502
10068,5054.395,5008.991,37.910,1502
10069,5041.994,5009.910,38.060,1502
10070,5025.509,5009.537,38.271,1502
10071,5006.373,5009.536,38.550,1502
10072,5002.934,5009.441,38.585,1502
10073,5002.854,5009.514,38.587,1601
10074,4989.247,5009.941,38.776,1502
10075,4984.597,5009.928,38.816,1502
10076,4972.493,5010.031,38.971,1502
10077,4967.991,5003.624,38.895,1502
10078,4967.950,5003.523,38.898,160
10079,4972.227,5024.301,39.093,TC.1
10080,4972.162,5024.109,38.428,2.106
10081,4972.124,5020.835,38.793,2.101
10082,4977.119,5020.262,38.740,2.101
10083,4977.374,5023.909,38.320,2.106
10084,4977.338,5024.249,39.024,TC.1
10085,4982.971,5024.278,38.958,TC.1
10086,4982.944,5024.008,38.160,2.106
10087,4983.385,5024.150,38.101,2.106E
10088,4982.884,5020.210,38.670,2.101
10089,4998.063,5020.088,38.464,2.101
10090,5000.552,5022.113,38.426,2.101
10091,4997.917,5024.119,38.812,TC.1
10092,4997.555,5024.049,37.949,2.106
10093,4998.009,5023.783,38.025,2.106
10094,5000.703,5023.892,38.310,2.106
10095,5000.626,5024.133,38.790,TC.1
10096,5015.639,5022.424,38.199,TC.1E
10097,5015.634,5022.354,38.144,2.106
10098,5015.698,5021.411,38.227,2.101
10099,5008.033,5024.567,38.644,TC.1
10100,5015.623,5024.334,38.577,TC.1
10101,5024.773,5024.311,38.466,TC.1
10102,5024.887,5022.223,38.037,2.106
10103,5024.873,5021.200,38.094,2.101
10104,5041.189,5021.003,37.918,2.101
10105,5041.152,5022.053,37.847,2.106
10106,5041.058,5024.045,38.305,TC.1
10107,5054.701,5023.958,38.150,TC.1
10108,5054.851,5021.927,37.698,2.106
10109,5054.908,5020.909,37.761,2.101
10110,5067.727,5020.725,37.609,2.101E
10111,5067.686,5021.767,37.540,2.106E
10112,5067.797,5023.802,37.985,TC.1E
10113,5027.836,5017.780,38.133,1621
10114,4987.097,4995.784,38.974,2.101
10115,4987.108,4992.245,39.012,2.101
10116,4979.053,4992.192,39.049,2.101
10117,4979.165,4995.808,38.981,2.101E
10118,5057.774,4989.222,38.625,150
10119,5059.017,4988.560,38.588,175 14 CLUSTER
10120,5058.092,4984.520,38.790,175 6
10121,5059.888,4977.165,39.369,156
10122,5059.890,4977.168,39.369,2.102
10123,5059.556,4981.432,39.090,2.101
10124,5054.698,4981.494,39.086,2.101
10125,5054.500,4974.915,39.380,2.101
10126,5054.884,4974.891,39.372,2.101
10127,5054.868,4972.834,39.388,2.101
10128,5054.308,4972.784,39.391,2.101
10129,5054.159,4963.995,39.479,2.101
10130,5054.161,4963.991,39.482,0.103
10131,5054.507,4964.255,39.496,2.101
10132,5054.265,4963.745,39.333,TW
10133,5054.218,4945.969,29.031,2.101
10134,5054.619,4941.654,31.089,TW
10135,5053.988,4941.030,30.462,1.203
10136,5055.147,4940.631,30.491,1.203
10137,5059.339,4982.526,38.670,1.303
10138,5053.400,4982.578,38.595,1.303
10139,5053.270,4975.006,38.814,1.303
10140,5052.874,4974.861,38.850,1.303
10141,5052.902,4972.829,39.035,1.303
10142,5053.467,4972.710,39.068,1.303
10143,5053.446,4972.818,45.325,TW
10144,5053.543,4972.765,44.765,TW
10145,5053.932,4976.250,42.515,TW
10146,5054.923,4982.006,42.022,TW
10147,5053.036,4951.843,39.325,1.303
10148,5052.490,4925.942,39.114,1.303
10149,5052.209,4912.901,39.470,1.303
10150,5052.006,4903.978,39.600,1.303
10151,5051.709,4903.801,39.599,1.303
10152,5051.408,4889.816,39.940,1.303
10153,5051.488,4889.877,39.936,1.104
10154,5048.067,4889.204,40.123,1.104
10155,5040.998,4888.765,40.180,1.104
10156,5029.450,4887.717,40.253,1.104
10157,5016.765,4887.787,40.383,1.104
10158,4999.875,4887.651,40.495,1.104
10159,4989.912,4886.936,40.285,1.104
10160,4982.353,4887.641,40.096,1.104E
10161,4991.339,4903.052,39.963,150
10162,5012.277,4904.028,39.804,150
10163,5036.959,4903.860,39.840,150
10164,5038.872,4927.203,39.469,150
10165,5016.079,4930.197,39.765,150
10166,4994.123,4929.367,39.890,150
10167,4993.069,4957.698,39.713,150
10168,5017.408,4959.486,39.472,150
10169,5039.049,4960.060,39.448,150
10170,5039.633,4980.969,39.294,150
10171,5019.765,4980.974,39.217,150
10172,4993.904,4982.136,39.408,150
10173,5052.705,4931.958,44.741,TW
10174,5052.100,4896.223,44.711,TW
10175,5052.935,4896.171,44.539,TW
10176,5052.042,4895.534,42.577,TW
10177,5051.939,4887.139,42.563,TW
10178,5051.828,4886.762,40.409,TW
10179,5051.253,4879.493,35.554,1.303
10180,5051.015,4869.600,30.140,1.303E
10181,5051.005,4869.609,30.139,2.201
10182,5051.001,4869.607,30.139,2.301
10183,5050.978,4867.488,29.886,2.301
10184,5051.418,4867.470,29.890,2.301E
10185,5050.239,4868.559,29.790,2.106
10186,5045.760,4868.522,29.448,2.106
10187,5045.376,4864.606,29.114,2.106
10188,5046.170,4863.680,29.754,2.104
10189,5046.319,4867.798,29.855,2.104
10190,5050.985,4868.009,29.840,2.104E
10191,5051.368,4867.724,30.493,TW
10192,5044.873,4869.493,29.678,2.201
10193,5044.574,4865.527,29.541,2.201
10194,5034.603,4864.991,28.515,2.106
10195,5033.825,4866.130,29.007,2.201
10196,5033.656,4863.547,28.763,2.201
10197,5034.447,4863.515,28.175,2.106
10198,5034.399,4851.228,22.313,2.106
10199,5034.340,4849.770,22.006,2.106
10200,5033.206,4850.881,22.842,2.201
10201,5033.375,4850.573,22.216,2.201
10202,5033.222,4851.276,22.747,1.303
10203,5033.215,4850.978,22.880,TW
10204,5023.466,4851.201,22.697,1.303
10205,5023.377,4850.635,22.114,2.201
10206,5023.289,4849.457,21.668,2.106
10207,5005.218,4849.436,21.530,2.106
10208,5005.030,4850.188,22.047,2.201
10209,5005.055,4850.661,22.624,1.303
10210,5005.085,4850.456,22.730,TW
10211,4989.508,4850.383,22.611,TW
10212,4989.792,4850.538,22.499,1.303
10213,4989.387,4850.207,21.897,2.201
10214,4989.967,4849.287,21.448,2.106
10215,4988.721,4849.268,21.492,2.106E
10216,4988.193,4849.340,21.469,TG 12X12
10217,4988.079,4850.088,21.478,2.106
10218,4987.965,4852.128,22.154,2.106
10219,4986.740,4852.099,23.018,2.106
10220,4989.559,4853.203,24.302,TW
10221,4989.919,4853.420,23.207,1.303
10222,4989.404,4852.762,23.703,2.201
10223,4986.981,4852.808,23.738,2.201
10224,4986.886,4853.623,23.322,1.303
10225,4979.445,4853.559,24.182,1.303E
10226,4979.701,4853.415,24.514,TW
10227,4979.801,4853.043,23.945,2.201E
10228,4980.142,4852.199,23.750,2.106E
10229,4980.018,4851.384,23.973,2.201
10230,4981.516,4850.970,24.675,0.111
10231,4981.506,4853.604,24.088,1.111
10232,4981.530,4861.266,27.554,1.111
10233,4981.673,4867.683,30.246,1.111E
10234,4979.083,4861.144,27.509,150
10235,4986.953,4851.168,23.671,2.201
10236,4987.243,4848.475,22.141,2.201
10237,4989.996,4848.249,21.945,2.201
10238,4987.357,4848.172,22.834,TW
10239,4986.134,4851.012,24.788,TW
10240,5005.388,4848.535,22.025,2.201
10241,5023.272,4848.507,22.691,2.201
10242,5034.906,4848.743,22.294,2.201
10243,5035.049,4848.726,22.296,0.303
10244,5036.561,4848.724,22.431,0.303E
10245,5035.980,4849.199,23.934,TW
10246,5034.748,4848.625,22.868,TW
10247,5035.025,4850.719,22.352,2.201
10248,5035.995,4853.500,25.093,TW
10249,5035.798,4855.216,26.376,TW
10250,5036.013,4857.458,27.529,TW
10251,5036.187,4859.547,28.643,TW
10252,5036.094,4861.643,29.811,TW
10253,5035.298,4857.431,25.613,2.201
10254,5035.623,4863.879,28.669,2.201
10255,5042.568,4863.760,29.391,2.201
10256,5043.122,4862.886,30.212,TW
10257,5045.982,4863.790,29.714,2.201
10258,5047.739,4863.839,29.804,2.201
10259,5047.822,4862.039,29.748,2.201
10260,5047.598,4862.112,29.747,2.201
10261,5041.445,4862.216,25.866,2.201
10262,5037.057,4862.226,25.879,2.201
10263,5036.929,4858.221,25.817,2.201
10264,5036.842,4853.181,22.461,2.201
10265,5036.643,4848.777,22.412,2.201
10266,5041.695,4848.801,22.337,2.201
10267,5045.804,4848.923,19.611,2.201
10268,5049.173,4848.950,19.492,2.201E
10269,5049.161,4848.958,19.495,156 X 201
10270,5049.256,4848.817,19.463,2.111
10271,5054.500,4848.815,19.488,2.111E
10272,5054.530,4849.017,19.512,156 X 201
10273,5054.689,4849.016,19.495,2.201
10274,5056.640,4849.231,19.571,2.201
10275,5056.491,4852.522,19.577,2.201
10276,5045.845,4852.424,19.519,2.201
10277,5041.769,4852.810,22.334,2.201
10278,5040.592,4853.027,22.399,2.201
10279,5040.721,4858.359,25.806,2.201
10280,5041.247,4858.473,25.826,2.201
10281,5047.363,4858.132,29.802,2.201
10282,5051.520,4858.147,29.841,2.201
10283,5056.576,4858.069,29.940,2.201
10284,5056.687,4863.307,29.933,2.201E
10285,5056.788,4863.312,29.936,2.111
10286,5051.366,4863.565,29.856,2.111
10287,5051.420,4867.430,29.920,2.111E
10288,5043.192,4857.423,30.259,TW
10289,5041.386,4857.544,29.729,TW
10290,5041.567,4856.311,26.670,TW
10291,5042.743,4856.655,25.916,159
10292,5042.742,4856.656,25.917,1.303
10293,5042.184,4856.530,26.139,1.303
10294,5042.159,4854.248,25.857,1.303
10295,5050.350,4854.181,25.946,1.303
10296,5057.012,4854.071,25.981,1.303
10297,5057.178,4855.873,26.026,1.303E
10298,5057.136,4855.876,26.026,159
10299,5057.607,4855.065,27.337,TW
10300,5057.487,4853.519,26.595,TW
10301,5057.526,4851.292,23.958,TW
10302,5055.412,4848.871,22.793,TW
10303,5027.023,4862.275,27.740,150
10304,5009.050,4863.340,28.388,150
10305,4990.554,4863.721,28.626,150
10306,4990.593,4878.807,36.918,150
10307,5013.335,4877.175,36.458,150
10308,5040.045,4879.383,36.568,150
10309,4978.775,4995.703,38.981,2.201
10310,4976.324,4992.074,39.018,2.201
10311,4975.945,4988.183,39.271,2.201E
10312,4975.943,4988.151,39.269,159
10313,4979.075,4988.418,39.627,175 20 CLUSTER
10314,4979.263,4983.803,39.286,156 X 2.35 303
10315,4979.264,4983.800,39.286,1.303
10316,4979.213,4981.413,39.400,1.303E
10317,4979.207,4981.418,39.400,156 X 2.35 303
10318,4979.271,4981.783,49.796,TW
10319,4978.447,4980.627,39.865,159
10320,4978.467,4980.547,39.863,2.201
10321,4982.497,4980.450,39.886,2.201
10322,4982.616,4976.275,40.174,2.201
10323,4982.748,4976.422,39.699,1.303
10324,4985.133,4976.296,39.500,1.303
10325,4978.919,4975.577,40.146,156
10326,4978.923,4975.575,40.146,2.202
10327,4982.627,4973.978,40.193,2.201
10328,4983.115,4973.863,40.221,2.201
10329,4982.731,4961.309,40.206,2.201
10330,4978.708,4961.254,40.195,2.202
10331,4982.326,4945.478,30.256,2.201
10332,4981.377,4902.304,30.293,2.201E
10333,4981.371,4902.324,30.293,159
10334,4977.439,4901.108,34.509,0.202E
10335,4977.448,4901.117,34.515,156
10336,4981.172,4868.721,34.119,TW
10337,4981.260,4871.309,35.613,TW
10338,4981.185,4874.588,37.112,TW
10339,4981.435,4877.450,38.581,TW
10340,4981.491,4880.575,40.059,TW
10341,4981.431,4883.592,41.546,TW
10342,4981.518,4886.697,43.088,TW
10343,4981.686,4898.730,43.091,TW
10344,4980.906,4901.602,43.090,TW
10345,4981.737,4900.085,46.315,TW
10346,4981.887,4901.784,45.877,TW
10347,4977.588,4902.337,43.102,0.403
10348,4981.440,4902.332,43.034,0.403E
10349,4977.342,4887.239,41.851,1.403
10350,4977.272,4900.513,42.044,1.403
10351,4978.277,4900.343,42.073,1.403
10352,4978.305,4901.168,42.007,1.403
10353,4980.919,4901.259,42.139,1.403
10354,4980.890,4899.088,42.089,1.403
10355,4981.440,4898.931,42.017,1.403
10356,4980.886,4901.152,43.089,0.503
10357,4980.935,4901.403,43.074,0.503
10358,4981.395,4901.478,43.118,0.503
10359,4981.440,4902.192,43.041,0.503E
10360,4981.188,4886.978,41.831,1.403CC
10361,4981.154,4885.905,40.841,1.403
10362,4981.226,4884.204,40.863,1.403
10363,4977.187,4884.140,40.739,1.403
10364,4977.106,4885.858,40.661,1.403CC
10365,4976.301,4900.786,42.386,2.201
10366,4976.105,4888.081,42.262,2.201
10367,4977.104,4882.853,39.303,1.403
10368,4980.979,4882.929,39.543,1.403
10369,4981.120,4881.226,39.458,1.403
10370,4977.167,4881.463,39.791,1.403CC
10371,4977.024,4878.386,38.074,1.403
10372,4976.901,4879.773,37.817,1.403
10373,4980.938,4879.927,38.168,1.403
10374,4980.840,4878.102,37.861,1.403CC
10375,4980.977,4875.064,36.447,1.403
10376,4980.890,4876.736,36.624,1.403
10377,4976.861,4877.091,36.318,1.403
10378,4976.972,4875.249,36.444,1.403CC
10379,4976.882,4872.254,34.832,1.403
10380,4976.804,4874.111,34.751,1.403
10381,4980.925,4873.778,34.705,1.403
10382,4980.551,4872.330,34.968,1.403CC
10383,4980.820,4869.211,33.366,1.403
10384,4980.604,4870.804,33.220,1.403
10385,4976.943,4871.007,33.316,1.403
10386,4976.766,4869.083,33.332,1.403CC
10387,4975.605,4869.744,32.670,2.201
10388,4975.511,4867.962,32.634,2.201
10389,4976.895,4867.890,32.628,2.201
10390,4976.619,4864.247,32.689,2.201E
10391,4976.641,4864.206,32.690,156
10392,4976.925,4867.673,29.289,1.403
10393,4981.884,4868.085,30.412,1.403
10394,4976.501,4900.507,53.280,0.107
10395,4976.359,4892.948,53.203,0.107E
10396,4976.361,4892.948,53.203,156
10397,4976.493,4894.969,54.745,DFF
10398,4983.897,4973.638,45.892,TW
10399,4984.066,4973.873,46.335,TW
10400,4985.156,4973.869,39.591,1.303
10401,4983.962,4973.829,39.398,1.303
10402,4983.626,4961.280,39.758,1.303
10403,4983.236,4945.861,39.885,1.303
10404,4982.722,4923.069,39.916,1.303
10405,4982.287,4901.501,39.966,1.303
10406,4983.488,4901.489,40.020,1.303
10407,4983.472,4898.915,40.176,1.303
10408,4982.626,4898.849,40.037,1.303E
10409,4982.622,4898.847,40.035,1.403E
10410,4982.989,4936.562,45.882,TW
10411,5059.721,4970.547,51.348,0.102
10412,5059.719,4970.545,51.347,0.502
10413,5061.430,4970.530,48.918,0.102
10414,5061.115,4955.924,49.355,0.102E
10415,5061.116,4955.926,49.355,159
10416,5059.334,4952.560,51.315,156 X 102
10417,5059.333,4952.560,51.315,0.102
10418,5059.334,4952.560,51.315,0.502E
10419,5059.298,4946.584,51.021,0.102
10420,5060.897,4946.517,51.090,0.102
10421,5060.469,4926.480,50.216,0.102E
10422,5060.471,4926.482,50.216,159
10423,5059.988,4925.632,50.159,156
10424,5059.986,4925.631,50.159,0.102
10425,5058.348,4918.983,49.837,159 CHIM COR
10426,5058.188,4910.259,49.576,159 CHIM COR
10427,5059.444,4900.835,53.735,0.107
10428,5059.509,4890.172,50.750,0.107E
10429,5059.505,4890.172,50.750,156
10430,5059.409,4894.681,56.235,1502 TOP DECK RAIL
10431,4978.855,4850.296,19.459,2.201
10432,4986.167,4850.465,19.458,2.201
10433,4986.282,4847.428,19.420,2.201
10434,5005.402,4847.583,19.416,2.201
10435,5023.248,4847.694,19.410,2.201
10436,5035.820,4847.663,19.423,2.201
10437,5049.194,4847.813,19.427,2.201E
10438,5054.793,4847.779,19.477,2.201
10439,5057.389,4848.198,19.446,2.201E
10440,5057.990,4840.505,19.292,2.201
10441,5049.158,4840.402,19.293,2.201
10442,5035.648,4840.161,19.339,2.201
10443,5024.127,4839.936,19.331,2.201
10444,5005.645,4839.803,19.292,2.201
10445,4986.614,4839.514,19.319,2.201
10446,4978.238,4839.421,19.298,2.201E
10447,5054.137,4941.781,28.957,2.101
10448,5056.002,4941.639,28.918,2.101
10449,5057.035,4938.169,32.695,156
10450,5056.947,4938.183,32.696,0.107
10451,5056.846,4924.644,31.934,0.107E
10452,5056.752,4924.734,31.951,156
10453,5056.853,4924.733,44.492,1502 TOP DECK RAIL
10454,5054.857,4927.175,30.381,1.203
10455,5055.452,4927.206,28.965,2.101
10456,5055.087,4904.051,29.006,2.101E
10457,5055.084,4904.046,29.009,156
10458,5055.209,4904.083,31.050,TW
10459,5054.533,4904.098,30.322,1.203
10460,5053.033,4904.154,30.305,1.203CC
10461,5052.859,4904.104,30.372,0.103E
10462,5059.546,4901.091,49.791,0.102E
10463,5059.547,4901.091,49.791,156
10464,5052.113,4867.425,29.873,2.101
10465,5052.305,4867.377,29.878,2.101
10466,5052.273,4867.606,29.880,2.101
10467,5052.327,4868.841,28.597,2.101
10468,5052.737,4881.131,28.614,2.101
10469,5059.084,4880.694,28.633,2.101E
10470,5060.818,4879.736,28.649,2.101
10471,5059.433,4879.845,28.639,2.101
10472,5059.020,4870.056,28.628,2.101
10473,5060.751,4869.813,28.648,2.101E
10474,5060.868,4869.532,28.650,2.101
10475,5056.749,4869.437,28.634,2.101
10476,5056.715,4868.706,28.645,2.101
10477,5056.601,4867.405,29.986,2.101
10478,5056.841,4863.940,29.951,2.101E
10479,5057.737,4868.355,30.003,TW
10480,5059.970,4874.852,29.286,159 POOL
10481,5060.692,4868.022,29.162,1.103
10482,5058.363,4868.106,29.153,1.103
10484,5058.268,4863.637,29.060,1.103E
10485,5053.667,4881.293,30.138,TW
10486,5054.807,4892.583,30.159,TW
10487,5055.063,4893.260,31.155,TW
10488,5054.407,4892.999,29.521,156
10489,5054.414,4893.025,29.519,1.103
10490,5053.977,4881.948,29.400,1.103
10491,5052.696,4882.053,29.497,1.103E
10492,5052.726,4882.067,29.511,156
10493,5055.377,4881.274,28.544,1.103
10494,5055.697,4892.943,28.917,1.103
10495,5058.559,4893.013,28.909,1.103E
10496,5058.763,4893.108,28.914,159 X 103 0.85
10497,5058.801,4893.811,30.447,156
10498,5058.814,4893.786,30.444,1.103
10499,5052.789,4893.779,30.544,1.103
10500,5052.927,4895.599,30.356,1.103E
10501,5052.862,4895.559,30.364,156
10502,5060.606,4899.255,43.829,159
10503,5060.603,4899.250,43.829,1.103
10504,5060.558,4897.065,43.610,1.103
10505,5052.999,4897.157,43.829,1.103
10506,5054.945,4899.792,44.145,175 36 CLUSTER
10507,5052.972,4902.680,43.962,1.103
10508,5059.361,4902.452,43.742,1.103E
10509,5053.539,4903.136,44.508,TW
10510,5052.989,4905.164,39.288,TW
1,2116962.508,6114514.278,38.453,TR point
2,2117411.466,6114279.630,32.502,TR point
3,2116915.029,6114413.080,40.500,TR point
100,2117411.468,6114279.629,32.489,Fd mon
101,2117194.081,6114386.149,35.443,Fd mon
102,2117132.154,6114419.361,36.336,Fd mon
103,2117070.433,6114452.387,37.141,Fd mon
104,2117008.752,6114485.481,37.978,Fd mon
105,2116946.864,6114518.132,38.988,Fd mon
106,2116885.977,6114552.698,39.709,Fd mon
107,2116828.192,6114592.907,40.473,Fd mon
108,2116771.329,6114634.798,41.436,Fd mon
1103,2117070.437,6114452.384,37.135,156/TAG RT ADJ
1104,2117008.757,6114485.479,37.974,156/TAG RT FT
TBM2,,,39.980,156
TBM3,,,38.980,156
TR200,2116995.532,6114512.037,38.183,156/MONITOR MAG
1105,2116946.850,6114518.137,38.984,156/TAG LT FT
1106,2116885.974,6114552.701,39.706,156/TAG LT ADJ
TR201,2116892.520,6114565.236,39.591,156/MAG LT SD #39
TR202,2116946.260,6114534.206,38.928,156/CL MAG LT
TR203,2117039.648,6114484.099,37.621,156/CL MAG RT
MP1,2116934.772,6114496.233,45.761,MP
MP2,2116916.303,6114462.804,45.801,MP
MP3,2116893.423,6114421.501,43.604,MP
MP4,2116964.027,6114404.993,44.526,MP
MP5,2116981.317,6114435.915,44.770,MP
MP6,2116996.479,6114463.675,44.785,MP
TR42722,2116929.447,6114407.658,40.237,156/H&T RR
41010,2117000.019,6114470.635,42.343,4101-4151
42080,2116996.315,6114463.523,41.788,4208-4258
42070,2116992.367,6114456.298,42.086,4207-4257
42060,2116987.460,6114447.325,42.063,4206-4256
42050,2116982.538,6114438.350,42.123,4205-4255
42040,2116977.610,6114429.376,42.167,4204-4254
42030,2116972.667,6114420.416,42.204,4203-4253
42020,2116967.717,6114411.471,42.408,4202-4252
42010,2116962.526,6114402.642,42.729,4201-4251
43020,2116962.773,6114403.076,42.381,4302-4301
43010,2116901.861,6114436.566,42.697,4301-4302
42150,2116903.489,6114439.554,42.898,4215-4265
42140,2116907.334,6114446.565,43.001,4214-4264
42130,2116911.180,6114453.582,43.067,4213-4263
42120,2116915.040,6114460.588,43.109,4212-4262
42110,2116918.916,6114467.589,43.467,4211-4261
42100,2116922.771,6114474.591,43.241,4210-4260
42090,2116926.663,6114481.578,43.011,4209-4259
41020,2116930.038,6114487.741,42.901,4102-4152
41030,2116933.946,6114494.736,42.740,4103-4153
43030,2116997.158,6114466.338,41.931,4303-4304
43040,2116937.700,6114499.017,42.356,4304-4303
41040,2116937.974,6114501.653,39.587,4104-4154
TR427220,2116941.498,6114367.389,29.813,156/X RT RR
42200,2116884.452,6114404.343,29.781,4220-4270
42190,2116888.378,6114411.346,36.638,4219-4269
42180,2116892.217,6114418.356,39.749,4218-4268
42170,2116896.097,6114425.345,42.298,4217-4267
42160,2116899.934,6114432.378,42.073,4216-4266
3000,2117008.270,6114484.605,0.000,BD point
3001,2116946.579,6114517.692,0.000,BD point
3002,2116876.965,6114390.936,0.000,BD point
3003,2116881.961,6114388.394,0.000,BD point
3004,2116880.601,6114385.720,0.000,BD point
3005,2116937.883,6114356.572,0.000,BD point
3006,2117008.752,6114485.481,0.000,BD point
3007,2116946.820,6114518.131,0.000,BD point
3008,2116924.060,6114546.224,0.000,BD point
3009,2116855.583,6114589.482,0.000,BD point
3010,2116728.434,6114683.070,0.000,BD point
3011,2116719.839,6114671.392,0.000,BD point
3012,2116771.289,6114634.753,0.000,BD point
3013,2116770.808,6114633.876,0.000,BD point
3014,2116695.840,6114497.479,0.000,BD point
3015,2116754.647,6114459.175,0.000,BD point
3016,2116827.677,6114592.017,0.000,BD point
3017,2116828.159,6114592.894,0.000,BD point
3018,2116885.925,6114552.665,0.000,BD point
3019,2116885.443,6114551.788,0.000,BD point
3020,2116814.064,6114421.952,0.000,BD point
3021,2116870.358,6114390.948,0.000,BD point
3022,2116871.719,6114393.622,0.000,BD point
3023,2117000.304,6114324.813,0.000,BD point
3024,2117069.960,6114451.518,0.000,BD point
3025,2117070.442,6114452.394,0.000,BD point
3026,2117132.133,6114419.306,0.000,BD point
3027,2117131.651,6114418.430,0.000,BD point
3028,2117062.737,6114293.049,0.000,BD point
3029,2117120.033,6114263.896,0.000,BD point
3030,2117121.393,6114266.570,0.000,BD point
3031,2117126.833,6114263.803,0.000,BD point
3032,2117131.643,6114261.355,0.000,BD point
3033,2117130.283,6114258.681,0.000,BD point
3034,2117193.580,6114385.215,0.000,BD point
3035,2117194.062,6114386.091,0.000,BD point
3036,2117170.042,6114193.897,0.000,BD point
3037,2116857.571,6114352.883,0.000,BD point
3038,2116746.804,6114416.893,0.000,BD point
3039,2116577.438,6114527.210,0.000,BD point
3040,2116739.105,6114697.566,0.000,BD point
3041,2116866.253,6114603.978,0.000,BD point
3042,2116932.568,6114562.087,0.000,BD point
4101,2116998.369,6114471.542,39.333,AA T series caisson
4102,2116932.432,6114486.436,0.000,AA T series caisson
4103,2116936.286,6114493.447,0.000,AA T series caisson
4104,2116940.140,6114500.457,0.000,AA T series caisson
4151,2117000.458,6114470.395,0.000,AA T series prod to PL
4152,2116930.113,6114487.710,0.000,AA T series prod to PL
4153,2116933.964,6114494.722,0.000,AA T series prod to PL
4154,2116937.815,6114501.734,0.000,AA T series prod to PL
4201,2116961.638,6114403.128,0.000,AA S series caisson
4202,2116966.567,6114412.094,0.000,AA S series caisson
4203,2116971.496,6114421.060,0.000,AA S series caisson
4204,2116976.425,6114430.027,0.000,AA S series caisson
4205,2116981.354,6114438.993,0.000,AA S series caisson
4206,2116986.283,6114447.959,0.000,AA S series caisson
4207,2116990.998,6114457.045,39.333,AA S series caisson
4208,2116994.857,6114464.332,39.333,AA S series caisson
4209,2116928.375,6114480.640,0.000,AA S series caisson
4210,2116924.521,6114473.630,0.000,AA S series caisson
4211,2116920.667,6114466.619,0.000,AA S series caisson
4212,2116916.813,6114459.609,0.000,AA S series caisson
4213,2116912.959,6114452.598,0.000,AA S series caisson
4214,2116909.105,6114445.588,0.000,AA S series caisson
4215,2116905.251,6114438.577,0.000,AA S series caisson
4216,2116901.397,6114431.567,0.000,AA S series caisson
4217,2116897.543,6114424.557,0.000,AA S series caisson
4218,2116893.689,6114417.546,0.000,AA S series caisson
4219,2116889.835,6114410.536,0.000,AA S series caisson
4220,2116885.981,6114403.525,0.000,AA S series caisson
4251,2116963.051,6114402.352,0.000,AA S series prod to PL
4252,2116967.980,6114411.318,0.000,AA S series prod to PL
4253,2116972.909,6114420.284,0.000,AA S series prod to PL
4254,2116977.838,6114429.250,0.000,AA S series prod to PL
4255,2116982.768,6114438.216,0.000,AA S series prod to PL
4256,2116987.697,6114447.183,0.000,AA S series prod to PL
4257,2116992.627,6114456.151,0.000,AA S series prod to PL
4258,2116996.599,6114463.375,0.000,AA S series prod to PL
4259,2116926.727,6114481.545,0.000,AA S series prod to PL
4260,2116922.876,6114474.533,0.000,AA S series prod to PL
4261,2116919.025,6114467.521,0.000,AA S series prod to PL
4262,2116915.174,6114460.509,0.000,AA S series prod to PL
4263,2116911.323,6114453.497,0.000,AA S series prod to PL
4264,2116907.472,6114446.484,0.000,AA S series prod to PL
4265,2116903.621,6114439.472,0.000,AA S series prod to PL
4266,2116899.770,6114432.460,0.000,AA S series prod to PL
4267,2116895.919,6114425.448,0.000,AA S series prod to PL
4268,2116892.068,6114418.436,0.000,AA S series prod to PL
4269,2116888.217,6114411.424,0.000,AA S series prod to PL
4270,2116884.366,6114404.412,0.000,AA S series prod to PL
4301,2116901.985,6114436.493,0.000,AC bldg line prod to PL
4302,2116963.292,6114402.790,0.000,AC bldg line prod to PL
4303,2116997.978,6114465.884,0.000,AC bldg line prod to PL
4304,2116936.644,6114499.602,0.000,AC bldg line prod to PL
4401,2116928.244,6114377.789,0.000,AD pool caisson
4402,2116920.357,6114382.125,0.000,AD pool caisson
4403,2116912.470,6114386.460,0.000,AD pool caisson
4404,2116904.583,6114390.796,0.000,AD pool caisson
4405,2116896.697,6114395.132,0.000,AD pool caisson
4406,2116888.810,6114399.468,0.000,AD pool caisson
4407,2116894.109,6114409.107,0.000,AD pool caisson
4408,2116901.996,6114404.771,0.000,AD pool caisson
4409,2116909.883,6114400.436,0.000,AD pool caisson
4410,2116917.769,6114396.100,0.000,AD pool caisson
4411,2116925.656,6114391.764,0.000,AD pool caisson
4412,2116933.543,6114387.428,0.000,AD pool caisson
10511,2116892.522,6114565.235,39.596,72/TR201
10512,2116946.262,6114534.205,38.934,72/TR202
10513,2117039.646,6114484.097,37.626,72/TR203
10514,2116916.319,6114462.795,45.807,MP
10515,2116893.421,6114421.500,43.610,MP
10516,2116964.027,6114404.994,44.531,MP
10517,2116981.307,6114435.920,44.774,MP
10518,2116996.479,6114463.682,44.788,MP
14401,2116928.231,6114377.786,28.620,4401
14402,2116920.361,6114382.117,27.111,4402
14403,2116912.468,6114386.467,27.123,4403
14404,2116904.581,6114390.790,27.285,4404
14405,2116896.684,6114395.148,27.101,4405
14406,2116888.787,6114399.436,27.940,4406
14407,2116894.120,6114409.087,27.293,4407
14408,2116900.880,6114404.233,27.163,4408
14409,2116909.839,6114400.416,27.195,4409
14410,2116917.774,6114396.088,27.127,4410
14411,2116925.639,6114391.770,27.059,4411
14412,2116933.538,6114387.420,26.975,4412
10519,2116892.524,6114565.234,39.592,72/TR201
10520,2116946.265,6114534.206,38.931,72/TR202
10521,2117039.645,6114484.105,37.624,72/TR203
10522,2116916.325,6114462.796,45.809,MP
10523,2116893.427,6114421.502,43.611,MP
10524,2116934.779,6114496.236,45.766,MP
10525,2116996.483,6114463.685,44.789,MP
10526,2116981.308,6114435.924,44.776,MP
10527,2116892.512,6114565.240,39.594,72/TR201
10528,2116946.259,6114534.208,38.933,72/TR202
10529,2117039.653,6114484.094,37.626,72/TR203
10530,2116934.773,6114496.235,45.763,MP
10531,2116916.320,6114462.795,45.805,MP
10532,2116893.418,6114421.500,43.607,MP
10533,2116996.477,6114463.685,44.786,MP
10534,2116892.524,6114565.234,39.590,72/TR201
10535,2116946.263,6114534.207,38.928,72/TR202
10536,2117039.644,6114484.101,37.620,72/TR203
10537,2116934.782,6114496.236,45.762,MP
10538,2116916.328,6114462.798,45.807,MP
10539,2116893.420,6114421.506,43.610,MP
10540,2116900.800,6114433.289,30.068,1502/BM
10542,2116946.267,6114534.207,38.937,72/TR202
10543,2117039.646,6114484.099,37.632,72/TR203
10544,2116916.329,6114462.796,45.813,MP
10545,2116934.780,6114496.237,45.767,MP
10546,2116893.420,6114421.504,43.614,MP
10541,2116892.526,6114565.233,39.596,72/TR201
10549,2116964.026,6114405.002,44.538,MP
10550,2116981.294,6114435.931,44.782,MP
